protein_id,sequence,secondary_structure,length
1,SMAAIRKKLVIVGDVACGKTCLLIVFSKDQFPEVYVPTVFENYVADIEVDGKQVELALWDTAGQEDYDRLRPLSYPDTDVILMCFSIDSPDSLENIPEKWTPEVKHFCPNVPIILVGNKKDLRNDEHTRRELAKMKQEPVKPEEGRDMANRIGAFGYMECSAKTKDGVREVFEMATRAALQA,CCCCCEEEEEEEECCCCCHHHHHHHHHHCCCCCCCCCCCEEEEEEEEEECCEEEEEEEEEECCCHHHCCCHHHCCCCCCEEEEEEECCCCHHHHHHHHHHHHHHHHHCCCCCEEEEEECHHHHCCHHHHHHHHHCCCCHHHHHHHHHHHHHCCCCEEEECCCCCCCCHHHHHHHHHHHHHCC,182
2,MANLFKLGAENIFLGRKAATKEEAIRFAGEQLVKGGYVEPEYVQAMLDREKLTPTYLGESIAVPHGTVEAKDRVLKTGVVFCQYPEGVRFGEEEDDIARLVIGIAARNNEHIQVITSLTNALDDESVIERLAHTTSVDEVLELLAGRK,CCCCCCCCHHHEECCCCCCCHHHHHHHHHHHHHHCCCECCHHHHHHHHHHHHCCCEEECCEECCECCHHHHHHECCCEEEEEEEEEEEECCCCCCCEEEEEEEEECCCCCHHHHHHHHHHHCCCHHHHHHHHHCCCHHHHHHHCCCCC,148
3,CGVPAIQPVLSGLSRIVNGEEAVPGSWPWQVSLQDKTGFHFCGGSLINENWVVTAAHCGVTTSDVVVAGEFDQGSSSEKIQKLKIAKVFKNSKYNSLTINNDITLLKLSTAASFSQTVSAVCLPSASDDFAAGTTCVTTGWGLTRYTNANTPDRLQQASLPLLSNTNCKKYWGTKIKDAMICAGASGVSSCMGDSGGPLVCKKNGAWTLVGIVSWGSSTCSTSTPGVYARVTALVNWVQQTLAANTEFGSELKSFPEVVGKTVDQAREYFTLHYPQYDVYFLPEGSPVTLDLRYNRVRVFYNPGTNVVNHVPHVG,CCCCCCHHCCCCCCCCECCEEHHCCCCCCEEEEECCCCCEEEEEEECCCCEEEECHHHCCCCCCEEEECCCECCCCCCCCEEEEEEEEEECCCCECCCCECCCEEEEECCCCCCECCECHHEHHCCCCCCCCCCEEEEEECCCCECCCCECCCECEEEEEEECCHHHHHHHHHHHCCCCEEEEECCCCECCCCCCCCEEEEEECCEEEEEEEEEEEECCCCCCCEEEEEEHHHCHHHHHHHHHHCCCCCCCCCCCCCCCCCCCCCCCCCCCCCCCCCCCCCCCCCCCCCCCCCCCCCCCCCCCCCCCCCCCCCCC,315
4,VKDGYIVDDVNCTYFCGRNAYCNEECTKLKGESGYCQWASPYGNACYCYKLPDHVRTKGPGRCH,CEEEEEECCCCCECCCCCHHHHHHHHHHCCCCEEEEEEEEECEEEEEEEEECCCCCECCCCCCC,64
5,KVFGRCELAAAMKRHGLDNYRGYSLGNWVCAAKFESNFNTQATNRNTDGSTDYGILQINSRWWCNDGRTPGSRNLCNIPCSALLSSDITASVNCAKKIVSDGNGMNAWVAWRNRCKGTDVQAWIRGCRL,CECCHHHHHHHHHHCCCCCECCECHHHHHHHHHHHHCCECCCEEECCCCCEEECCCCEECCCCCECCCCCCCCCCCCCEHHHHHCCCCHHHHHHHHHHHCCCCHHHHCHHHHHHHCCCCHHHHHCCCCC,129
6,KIEEGKLVIWINGDKGYNGLAEVGKKFEKDTGIKVTVEHPDKLEEKFPQVAATGDGPDIIFWAHDRFGGYAQSGLLAEITPDKAFQDKLYPFTWDAVRYNGKLIAYPIAVEALSLIYNKDLLPNPPKTWEEIPALDKELKAKGKSALMFNLQEPYFTWPLIAADGGYAFKYENGKYDIKDVGVDNAGAKAGLTFLVDLIKNKHMNADTDYSIAEAAFNKGETAMTINGPWAWSNIDTSKVNYGVTVLPTFKGQPSKPFVGVLSAGINAASPNKELAKEFLENYLLTDEGLEAVNKDKPLGAVALKSYEEELAKDPRIAATMENAQKGEIMPNIPQMSAFWYAVRTAVINAASGRQTVDEALKDAQTRITK,CCCCCCEEEECCCCCCHHHHHHHHHHHHCCCCCCEEEECCCCHHHHHHHHHHCCCCCCEEEEEHHHHHHHHHCCCEHHHCCCHHHHHCECHHHHHHCEECCEECCEEEEEECCEEEEECCCCCCCCCECCCHHHHHHHHHCCCCEEECCCCCCHHHHHHHHHHCCCEEEEEECCEEEEEEEECCCHHHHHHHHHHHHHHHCCCCCCCCCHHHHHHHHHCCCEEEEEECHHHHHHHHHHCCCEEEEHHHEECCEECCHEEEEEEEEEECCCCCHHHHHHHHHHHHCCHHHHHHHHHHCCCCEECEHHHHHHHCCCHHHHHHHHHHHCCEEHHCCCCHHHHHHHHHHHHHHHHCCCCCHHHHHHHHHHHHCC,370
7,MNIRPLHDRVIVKRKEVETKSAGGIVLTGSAAAKSTRGEVLAVGNGRILENGEVKPLDVKVGDIVIFNDGYGVKSEKIDNEEVLIMSESDILAIVEAAAKDVKFGNDARVKMLRGVNVLADAVKVTLGPKGRNVVLDKSFGAPTITKDGVSVAREIELEDKFENMGAQMVKEVASKANDAAGDGTTTATVLAQAIITEGLKAVAAGMNPMDLKRGIDKAVTAAVEELKALSVPCSDSKAIAQVGTISANSDETVGKLIAEAMDKVGKEGVITVEDGTGLQDELDVVEGMQFDRGYLSPYFINKPETGAVELESPFILLADKKISNIREMLPVLEAVAKAGKPLLIIAEDVEGEALATLVVNTMRGIVKVAAVKAPGFGDRRKAMLQDIATLTGGTVISEEIGMELEKATLEDLGQAKRVVINKDTTTIIDGVGEEAAIQGRVAQIRQQIEEATSDYDREKLQERVAKLAGGVAVIKVGAATEVEMKEKKARVEDALHATRAAVEEGVVAGGGVALIRVASKLADLRGQNEDQNVGIKVALRAMEAPLRQIVLNCGEEPSVVANTVKGGDGNYGYNAATEEYGNMIDMGILDPTKVTRSALQYAASVAGLMITTECMVTDLPKNDAADLGAAGGMGGMGGMGGMM,CCEEEEEHHHHHHHHHHHHHHHHHHHHCCCCCCCCEEEECCCCCCCEEECCHHHHHHHCCCCCHHHHHHHHHHHHHHHHHHHHHCCCHHHHHHHHHHHHHHHHHHHHCCCCHHHHHHHHHHHHHHHHHHHHHHCECCCCHHHHHHHHHHHCCCCHHHHHHHHHHHHHHCCCCEEEEEECCCCCCEEEEECCEEECCCECCCCCCCCCCCCCECCCCCEEEECCCCCCCCCCCHHHHHHHHHHCCCEEEECCCCCHHHHHHHHHHHHHCCCCEEEECCCCCHHHHHHCCHHHHHHHCCCCCCCCCCCCCCCCCHHHCEEECCEEECCCCEEECCECCCHHHHHHHHHCHHHHHCCCCCCCHHHHHHHHHHHCCCCEEEEEECCCCHHHHHHHHHHHHHHHHHHHHHHHHCEEECCCHHHHHHHHHCCCCCCCCHHHHHHHHHHHHHCCHHHHHHHHCCCCCHHHHHHHHHHCCCCEEEECCCCEEEECCCCCCEEEHHHHHHHHHHHHHHHHHHCCEEEEEEECCCCCCCCCCCCCCCCCCCCCCCCCCCCCCCCCCCCCCCCCCCCCCCCCCCCCCCCCCCCCCCCCCCCCCCCCCCCCCCCCCCCCCCCCCCCCCCCCCCCCCCCCCCCCCCCCCCCCCCCCC,644
8,MYGNWGRFIRVNLSTGDIKVEEYDEELAKKWLGSRGLAIYLLLKEMDPTVDPLSPENKLIIAAGPLTGTSAPTGGRYNVVTKSPLTGFITMANSGGYFGAELKFAGYDAIVVEGKAEKPVYIYIKDEHIEIRDASHIWGKKVSETEATIRKEVGSEKVKIASIGPAGENLVKFAAIMNDGHRAAGRGGVGAVMGSKNLKAIAVEGSKTVPIADKQKFMLVVREKVNKLRNDPVAGGGLPKYGTAVLVNIINENGLYPVKNFQTGVYPYAYEQSGEAMAAKYLVRNKPCYACPIGCGRVNRLPTVGETEGPEYESVWALGANLGINDLASIIEANHMCDELGLDTISTGGTLATAMELYEKGHIKDEELGDAPPFRWGNTEVLHYYIEKIAKREGFGDKLAEGSYRLAESYGHPELSMTVKKLELPAYDPRGAEGHGLGYATNNRGGCHIKNYMISPEILGYPYKMDPHDVSDDKIKMLILFQDLTALIDSAGLCLFTTFGLGADDYRDLLNAALGWDFTTEDYLKIGERIWNAERLFNLKAGLDPARDDTLPKRFLEEPMPEGPNKGHTVRLKEMLPRYYKLRGWTEDGKIPKEKLEELGIAEFY,CCCCCCEEEEEECCCCEEEEEECCHHHHHHHCCCHHHHHHHHHHHCCCCCCCCCCCCCEEEEECCCCCCCCCCCCCEEEEEECCCCCCEEEEEECCCHHHHHHHCCCCEEEEECCCCCCEEEEEECCEEEEEECCCCCCCCHHHHHHHHHHHHCCCCCEEEECCHHHHCCCCCECEEECCCEEECCCCHHHHHHHCCEEEEEEECCCCHHHCCHHHHHHHHHHHHHHHHHCHHHHHHHHHHCHHHHHHHHHHCCCCCECCCCECCCCCHHHHCHHHHHHHCEEEEECCCCCCCCCEEEEEECCCEEEECCCHHHHHHHCHHHCCCCHHHHHHHHHHHHHHCECHHHHHHHHHHHHHHHHCCCCCHHHHCCCHHCCCCCCHHHHHHHHHHHCCCCCHHHHCCCHHHHHHHCCCHHHCCEECCEEHCCCCHHHCHHHHHHHHHCCCCCCCHHHCCHHHHHHCCCCCCCCCCCCHHHHHHHHHHHHHHHHHHHHCCCHHHHCCCCHHHHHHHHHHHHCCCCCHHHHHHHHHHHHHHHHHHHHHHCCCHHHHCCCCHHHHHCCCCCCCCCCCCCCHHHHHHHHHHHHCCCCCCCCCHHHHHHHCCHHHC,605
9,ERDCRVSSFRVKENFDKARFSGTWYAMAKKDPEGLFLQDNIVAEFSVDENGHMSATAKGRVRLLNNWDVCADMVGTFTDTEDPAKFKMKYWGVASFLQKGNDDHWIIDTDYDTYAVQYSCRLQNLDGTCADSYSFVFARDPHGFSPEVQKIVRQRQEELCLARQYRIITHNGYCDGKSERNIL,CCCCEHHHCCCCCCCCHHHHCEEEEEEEEECCCCCCEEEEEEEEEEECCCCCEEEEEEEEEECCCCCEEEEEEEEEEEECCCCCEEEEEEEECCCCCCCEEEEEEEEEECCCCEEEEEEEEEECCCCEEEEEEEEEEECCCCCCCHHHHHHHHHHHHHCCCCCCCEECCCCCCCCCCCCCCCC,183
10,LKIAAFNIRTFGETKMSNATLASYIVRIVRRYDIVLIQEVRDSHLVAVGKLLDYLNQDDPNTYHYVVSEPLGRNSYKERYLFLFRPNKVSVLDTYQYDDGCGNCGNDSFSREPAVVKFSSHSTKVKEFAIVALHSAPSDAVAEINSLYDVYLDVQQKWHLNDVMLMGDFNADCSYVTSSQWSSIRLRTSSTFQWLIPDSADTTATSTNCAYDRIVVAGSLLQSSVVPGSAAPFDFQAAYGLSNEMALAISDHYPVEVTLTDEDETTALVCDNGSGLVKAGFAGDDAPRAVFPSIVGRPRHQGVMVGMGQKDSYVGDEAQSKRGILTLKYPIEHGIITNWDDMEKIWHHTFYNELRVAPEEHPTLLTEAPLNPKANREKMTQIMFETFNVPAMYVAIQAVLSLYASGRTTGIVLDSGDGVTHNVPIYEGYALPHAIMRLDLAGRDLTDYLMKILTERGYSFVTTAEREIVRDIKEKLCYVALDFENEMATAASSSSLEKSYELPDGQVITIGNERFRCPETLFQPSFIGMESAGIHETTYNSIMKCDIDIRKDLYANNVMSGGTTMYPGIADRMQKEITALAPSTMKIKIIAPPERKYSVWIGGSILASLSTFQQMWITKQEYDEAGPSIVHR,CCCCCCCCEEEEECCCEEEEEEECECCCCEEEECCEEEECCCEEECCHHHCCCEECHHHHHCHHHEEEECCEECCEECCHHHHHHHHHHHHHHHHCCCHHHCCEEEEECCCCCHHHHHHHHHHHHHHHCCCEEEEEEHHHHHHHHCCCCCEEEEEECCCCEEEEEEECCEECHHHCEEECCCHHHHHHHHHHHHHCCCCCCCCHHHHHHHHHHHHHHCCCCCCCHHHHHHHHHCCCCCEEEECCCCCEEEECCHHHHCCHHHHCHHHHCCCCCCHHHHHHHHHCCCCCCCHHHHHCCEEEECHHHHCCCHHHHHHHHHHCCCCCCCHHCEECCCCHHHHHHHHHHHHHHCCCCHHHCEEHHHHHHHCCHHHHCCCCCCCCCCCCCCCCCCCCCCCCCCCCCCCCCCCCCCCCCCCCCCCCCCCCCCCCCCCCCCCCCCCCCCCCCCCCCCCCCCCCCCCCCCCCCCCCCCCCCCCCCCCCCCCCCCCCCCCCCCCCCCCCCCCCCCCCCCCCCCCCCCCCCCCCCCCCCCCCCCCCCCCCCCCCCCCCCCCCCCCCCCCCCCCCCCCCCCCCCCCCCCCCCCCCCCCCCCCCCCCCCCCCCCCCCCCCCCCCCCCCCCCCCCCCCCCCCCCC,632
11,MKNAKQEHFELDQEWVELMVEAKEANISPEEIRKYLLLNKKSAHPGPAARSHTVNPFMIGQRIKQYRKEKGYSLSELAEKAGVAKSYLSSIERNLQTNPSIQFLEKVSAVLDVSVHTLLDEKHETEYDGQLDSEWEKLVRDAMTSGVSKKQFREFLDYQKWRKSQKEE,CCHHHHHHHHHHCCCCHHHHHHHHCCCHHHHHHHHCCCCCCCCHHHHHHHHHHHCCCHHHHHCCCCCCCCCCCCCHHHHHHHHHHHHCCCCHHHHHHHHHHHHHHHHCCCCCCCCCCCCCCCCCCCCCCCCCCCCCCCCCCCCCCCCCCCCCCCCCCCCCCCCCCCCC,168
12,APRKSVRWCTISPAEAAKCAKFQRNMKKVRGPSVSCIRKTSSFECIQAIAANKADAVTLDGGLVYEAGLHPYKLRPVAAEVYQTRGKPQTRYYAVAVVKKGSGFQLNQLQGVKSCHTGLGRSAGWNIPIGTLRPYLNWTGPPEPLQKAVANFFSASCVPCADGKQYPNLCRLCAGTEADKCACSSQEPYFGYSGAFKCLENGAGDVAFVKDSTVFENLPDEAERDKYELLCPDNTRKPVDAFKECHLARVPSHAVVARSVDGREDLIWKLLHRAQEEFGRNKSSAFQLFGSTPGEQDLLFKDSALGFVRIPSQIDSGLYLGANYLTATQNLRETAAEVAARRERVVWCAVGPEEERKCKQWSDVSNRKVACASASTTEECIALVLKGEADALNLDGGFIYVAGKCGLVPVLAENQKSQNSNAPDCVHRPPEGYLAVAVVRKSDADLTWNSLSGKKSCHTGVGRTAAWNIPMGLLFNQTGSCKFDKFFSQSCAPGADPQSSLCALCVGNNENENKCMPNSEERYYGYTGAFRCLAEKAGDVAFVKDVTVLQNTDGKNSEPWAKDLKQEDFELLCLDGTRKPVAEAESCHLARAPNHAVVSQSDRAQHLKKVLFLQQDQFGGNGPDCPGKFCLFKSETKNLLFNDNTECLAELQGKTTYEQYLGSEYVTSITNLRRCSSSPLLEACAFLRA,CCCCCEEEEECCHHHHHHHHHHHHHHHHCCCCCEEEEECCCHHHHHHHHHCCCCCEEEECHHHHHHHHCCCCCEEEEEEEEECCCCCCECEEEEEEEEECCCCCCHHHCCCCEEEECCCCCHHHHHHHHHHCHHHHCCCCCCCCHHHHHHHHCCEEECCCCCCCCCHHHCCCCCCCCCCCCCCCCCCCCCHHHHHHHHHHCCCCCEEEEECCHHHHHCCCHHHHCCEEEEECCCEEEEHHHCCCCCCEEEEHHEEEEECCCCCHHHHHHHHHHHHHHHCCCCCCCCCCCCCCCCCCCCCCCCCCCEEEEHHCCCCHHHHHCHHHHHHHHHCCCCHHHHHHHHHCEEEEEECHHHHHHHHHHHHHCCCCEEEEEECCHHHHHHHHHHCCCCEEEECHHHHHHHHHCCCEEEEEEEECCCCCCCHHHHHCHHCCEEEEEEEECCCCCCCHHHCCCCCEEECCCCCHHHHHHHHHHHHHHHCCCCHHHCCCCEECCCCCCCCCCECCCCCCCCCCCCCCCCCCCCCCHHHHHHHHHHCCCCCEEEEEHHHHHCCCCCCCCCHHHHCCCCCCEEEECCCCCEEEHHHHHHCCCEEEHHHEEEECCCCHHHHHHHHHHHHHHHCCCCCCHHHHCCCCCCCCCCCCCCCCEEEEECCCCCCCHHHHHCHHHHHHHHHHHCCCCCHHHHHHHHHCC,689
13,PYSSDTTPCCFAYIARPLPRAHIKEYFYTSGKCSNPAVVFVTRKNRQVCANPEKKWVREYINSLEMS,CCCCECEEEECCCCCCHHHHHHEEEEEEHHCCCCCCCEEEEECCCCEEEECCCCHHHHHHHHHHHCC,67
14,MVNAIRTPDQRFSNLDQYPFSPNYLDDLPGYPGLRAHYLDEGNSDAEDVFLCLHGEPTWSYLYRKMIPVFAESGARVIAPDFFGFGKSDKPVDEEDYTFEFHRNFLLALIERLDLRNITLVVQDWGGFLGLTLPMADPSRFKRLIIMNACLMTDPVTQPAFSAFVTQPADGFTAWKYDLVTPSDLRLDQFMKRWAPTLTEAEASAYAAPFPDTSYQAGVRKFPKMVAQRDQACIDISTEAISFWQNDWNGQTFMAIGMKDKLLGPDVMYPMKALINGCPEPLEIADAGHFVQEFGEQVAREALKHFAETE,CCCEECCCHHHHCCCCCCCHHHEEEECCCCCCCCEEEEEEEECCCCCCEEEECCCCCCCHHHHCCCHHHHHHCCCEEEEEHHCCCCCCCEECCHHHCCHHHHHHHHHHHHHHHCCCCEEEEECCHHHHHHCCCHHHCHHHEEEEEEECCCCCCCCCCCCHHHHCCCCCHHHHHHHHHHHHCCCCCCHHHHHHHHCCCCCHHHHHHHHCCCCCHHHCHHHHHHHHHHHCCCHHHHHHHHHHHHHHHHHCCCEEEEEEECCCCCCCHHHHHHHHHHCCCHHHHEEECCCCCCHHHHHHHHHHHHHHHHHHCC,310
15,TPEMPVLENRAAQGDITAPGGARRLTGDQTAALRDSLSDKPAKNIILLIGDGMGDSEITAARNYAEGAGGFFKGIDALPLTGQYTHYALNKKTGKPDYVTDSAASATAWSTGVKTYNGALGVDIHEKDHPTILEMAKAAGLATGNVSTAELQDATPAALVAHVTSRKCYGPSATSEKCPGNALEKGGKGSITEQLLNARADVTLGGGAKTFAETATAGEWQGKTLREQAQARGYQLVSDAASLNSVTEANQQKPLLGLFADGNMPVRWLGPKATYHGNIDKPAVTCTPNPQRNDSVPTLAQMTDKAIELLSKNEKGFFLQVEGASIDKQDHAANPCGQIGETVDLDEAVQRALEFAKKEGNTLVIVTADHAHASQIVAPDTKAPGLTQALNTKDGAVMVMSYGNSEEDSQEHTGSQLRIAAYGPHAANVVGLTDQTDLFYTMKAALGLK,CCCCCCCCCCCCCCCCCCCCCCCCCCCCCHHHHHCCCCCCHHCEEEEEEECCCCHHHHHHHHHHHHCCCCCCCCHHHCCEEEEEECCEECCCCCCEECCCCHHHHHHHHHHCCCCECCCECECCCCCECCCHHHHHHHCCCEEEEEEEEECCCHHHHCCCCCECCCCCCCHHHHHHHCHHHCHHHCCCCCHHHHHHHHCCCEEEEECCCHHHCEECCCCCECCEHHHHHHHCCCEEECCHHHHHHCCCCCCCCCEEEECCCCCHHHCEECHHHEECHHHHCHHECCEECHHHCCCCCCHHHHHHHHHHHHHCCCCCEEEEEEECHHHHHHHCCCHHHHHHHHHHHHHHHHHHHHHHHHHCCEEEEEECCCECCCEEECCCCCCCCEEEEEECCCCCEEEEEECCCCCCCHHHECCCEEEEEECCCHHHHCEEEEHHHHHHHHHHHHCCC,449
16,QFTNVSCTTSKEAWSVCQRLHNTSRGKCMNKKARCYS,CCCCCCCCCCCCCCCHHHHHCCCCCCCECCCCECCCC,37
17,AGLSPEEQIETRQAGYEFMGWNMGKIKANLEGEYNAAQVEAAANVIAAIANSGMGALYGPGTDKNVGDVKTRVKPEFFQNMEDVGKIAREFVGAANTLAEVAATGEAEAVKTAFGDVGAACKSCHEKYRAK,CCCCHHHHHHHHHHHHHHHHHHHHHHHHHHHCCCCHHHHHHHHHHHHHHHCCCHHHHCCHHHHCCECCECCCECHHHCCCHHHHHHHHHHHHHHHHHHHHHHCCCCHHHHHHHHHHHHHHHHHHHHHHECC,131
18,MKGDTKVINYLNKLLGNELVAINQYFLHARMFKNWGLKRLNDVEYHESIDEMKHADRYIERILFLEGLPNLQDLGKLNIGEDVEEMLRSDLALELDGAKNLREAIGYADSVHDYVSRDMMIEILRDEEGHIDWLETELDLIQKMGLQNYLQAQIREEG,CCCCHHHHHHHHHHHHHHHHHHHHHHHHHHHHHHHCCHHHHHHHHHHHHHHHHHHHHHHHHHHHCCCCCCCCCCCCCCCCCCHHHHHHHHHHHHHHHHHHHHHHHHHHHHHCCHHHHHHHHHHHHHHHHHHHHHHHHHHHHHHHCHHHHHHCCCCCCC,158
19,EISGHIVRSPMVGTFYRTPSPDAKAFIEVGQKVNVGDTLCIVEAMKMMNQIEADKSGTVKAILVESGQPVEFDEPLVVIE,CCCCEEEECCCCEEEECCCCCCCHHCCCCCCEECCCCEEEEEEECCEEEEEECCCCEEEEEECCCCCCEECCCCEEEEEC,80
20,MPVDLSKWSGPLSLQEVDEQPQHPLHVTYAGAAVDELGKVLTPTQVKNRPTSISWDGLDSGKLYTLVLTDPDAPSRKDPKYREWHHFLVVNMKGNDISSGTVLSDYVGSGPPKGTGLHRYVWLVYEQDRPLKCDEPILSNRSGDHRGKFKVASFRKKYELRAPVAGTCYQAEWDDYVPKLYEQLSGK,CCCCHHHCCCCCCHHHCCHHHCEEHEEECCCCECCCCCEECCCCCCCCCCCEEECCCCCCCCEEEEEEEECCCCCCCCCCCCCEEEEEEEEEECCEHHHCEEEECCCCCCHHCCCCCEEEEEEEEEECCCCCCCCHHECCCECCCCCCCCHHHHHHHCCCCCCCEEEEEEECCCCCHHHHHHHCECC,187
21,MRTEYCGQLRLSHVGQQVTLCGWVNRRRDLGSLIFIDMRDREGIVQVFFDPDRADALKLASELRNEFCIQVTGTVRARDEKNINRDMATGEIEVLASSLTIINRADVLPLDSNHVNTEEARLKYRYLDLRRPEMAQRLKTRAKITSLVRRFMDDHGFLDIETPMLTKATPEGARDYLVPSRVHKGKFYALPQSPQLFKQLLMMSGFDRYYQIVKCFRDEDLRADRQPEFTQIDVETSFMTAPQVREVMEALVRHLWLEVKGVDLGDFPVMTFAEAERRYGSDKPDLRNPMELTDVADLLKSVEFAVFAGPANDPKGRVAALRVPGGASLTRKQIDEYGNFVKIYGAKGLAYIKVNERAKGLEGINSPVAKFLNAEIIEDILDRTAAQDGDMIFFGADNKKIVADAMGALRLKVGKDLGLTDESKWAPLWVIDFPMFEDDGEGGLTAMHHPFTSPKDMTAAELKAAPENAVANAYDMVINGYEVGGGSVRIHNGDMQQTVFGILGINEEEQREKFGFLLDALKYGTPPHAGLAFGLDRLTMLLTGTDNIRDVIAFPKTTAAACLMTEAPSFANPTALAELSIQVVKGGAGCGGAGCAGCGGAGAAACCGCCGCACGCAGGGGGCGCGGGCGAGCCCGCCGCCGCCA,CCCCCHHHCCHHHCCCEEEEEEEEEEEEECCCCEEEEEEECCEEEEEEECHHHHHHHHHHCCCCCCCEEEEEEEEEEHHCCCCCCCCCCCCEEEEEEEEEEEECCCCCCCCCCCCCCHHHHHHCHHHHCCCHHHHHHHHHHHHHHHHHHHHHHHCCCEECCCCCCECCCCCCCHHHEEECCCCCCCEEECCCCCHHHHHHHHHCCCCEEEEEEEEECCCCCECCECCEEEEEEEEEECCCHHHHHHHHHHHHHHHHHHHHCCCCCCHHEEEHHHHHHHHCCCCCCCCCCCCEEECHHHHCCCCCHHHHHHHHCCCEEEEEEEECCHHHCCHHHHHHHHHHHHHCCCCCCCEEEECCHHHHHHHEECCCHHHCCHHHHHHHHHHCCCCCCCEEEEEEEEHHHHHHHHHHHHHHHHHHCCCCCCCCCCEEEEECCECEEECCCCCEEECCCCCEHECCCCHHHHHHCCCCHEECEEEEEECCEEEEEEEEEHCCHHHHHHHHHHCCCCHHHHHHHHHHHHHHCCCCHHHEEEEEEEHHHHHHHHHCCCCHHHHCCCCCCCCCCECCCCECCHHHHHHHHHCCCCCCCCCCCCCCCCCCCCCCCCCCCCCCCCCCCCCCCCCCCCCCCCCCCCCCCCCCCCCCCCCCC,645
22,MIKLRMPAGGERYIDGKSVYKLYLMIKQHMNGKYDVIKYNWCMRVSDAAYQKRRDKYFFQKLSEKYKLKELALIFISNLVANQDAWIGDISDADALVFYREYIGRLKQIKFKFEEDIRNIYYFSKKVEVSAFKEIFEYNPKVQSSYIFKLLQSNIISFETFILLDSFLNIIDKHDEQTDNLVWNNYSIKLKAYRKILNIDSQKAKNVFIETVKSCKY,CEEECCCCCCCCCCCHHHHHHHHHHHHHHHCCCCCCCCCCCCCCCCHHHHHHCCCHHHHHHHHHHCCHHHHHHHHHHHHHHCHHHHCCCHHHCCHHHHHHHHHHHHHCHHHHHHHHHHHHHHHHHHCCCCCHHHHCCCECCCCECHHHHHHHCCCCCHHHHHHHHHHHCHHHHHHHHCCCHHHHHHHHHHHHHHHHEEECHHHHHHHHHHHHHHHHC,217
23,AISIKTPEDIEKMRVAGRLAAEVLEMIEPYVKPGVSTGELDRICNDYIVNEQHAVSACLGYHGYPKSVCISINEVVCHGIPDDAKLLKDGDIVNIDVTVIKDGFHGDTSKMFIVGKPTIMGERLCRITQESLYLALRMVKPGINLREIGAAIQKFVEAEGFSVVREYCGHGIGQGFHEEPQVLHYDSRETNVVLKPGMTFTIEPMVNAGKKEIRTMKDGWTVKTKDRSLSAQYEHTIVVTDNGCEILTLRKDDTIPAIISHDE,CHHHHHHHHHHHHHHHHHHHHHHHHHHHHHCCCCCEHHHHHHHHHHHHHHHCCCEECCCCHHHCCCCCEEEECCEEECHHHCCCCECCCCCEEEEEEEEEECCEEEEEEEEEECCCHHHHHHHHHHHHHHHHHHHHHHCCCCCEHHHHHHHHHHHHHHCCCEECCCCCEEECCCCCCEEEEECCCCCCCCCCECCCCCEEEECCEEECCCCCEEECCCCCCEEECCCCCEEECEEEEEEECCEEEECCCCCCCCCCCEEECCC,263
24,GDAAKGEKEFNKCKTCHSIIAPDGTEIVKGAKTGPNLYGVVGRTAGTYPEFKYKDSIVALGASGFAWTEEDIATYVKDPGAFLKEKLDDKKAKTGMAFKLAKGGEDVAAYLASVVK,CCHHHHHHHHHHCCCCCCEECCCCCEEECCCCCCCCCCCCECCECCCCCCCCCCHHHHHHHHCCCEECHHHHHHHHHCHHHHHHHHHCCCCCCCCCCCCCCCCHHHHHHHHHHCCC,116
25,MLDAERLKHLIVTPSGAGEQNMIGMTPTVIAVHYLDETEQWEKFGLEKRQGALELIKKGYTQQLAFRQPSSAFAAFVKRAPSTWLTAYVVKVFSLAVNLIAIDSQVLCGAVKWLILEKQKPDGVFQEDAPVIHQEMIGGLRNNNEKDMALTAFVLISLQEAKDICEEQVNSLPGSITKAGDFLEANYMNLQRSYTVAIAGYALAQMGRLKGPLLNKFLTTAKDKNRWEDPGKQLYNVEATSYALLALLQLKDFDFVPPVVRWLNEQRYYGGGYGSTQATFMVFQALAQYQKDAP,CCCHHHHHHHCCCCCCCCCHHHHHHHHHHHHHHHHHHCCCCCCCCHHHHHHHHHHHHHHHHHHHCCECCCCCECCCCCCHHHHHHHHHHHHHHHHCCCCCCCCHHHHHHHHHHHHHHHECCCCCECCCCCCCCHHHHHHHHCCCCHHHHHHHHHHHHHHHCHHHHCCCCCCHHHHHHHHHHHHHHHHHHCCCHHHHHHHHHHHHHCCCCCHHHHHHHHHHCECCCECCCCCCHHHHHHHHHHHHHHHHHCCCCCCHHHHHHHHHHCCCCCCCCCCHHHHHHHHHHHHHHHHHCC,294
26,TGRPEWIWLALGTALMGLGTLYFLVKGMGVSDPDAKKFYAITTLVPAIAFTMYLSMLLGYGLTMVPFGGEQNPIYWARYADWLFTTPLLLLDLALLVDADQGTILALVGADGIMIGTGLVGALTKVYSYRFVWWAISTAAMLYILYVLFFGFSMRPEVASTFKVLRNVTVVLWSAYPVVWLIGSEGAGIVPLNIETLLFMVLDVSAKVGFGLILLRSRAIFG,CCCCCHHHHHHHHHHHHHHHHHHHHHCCCCCCHHHHHHHHHHHHHHHHHHHHHHHHHHCCCEEEEEECCEEEEEECHHHHHHHHHHHHHHHHHHHHCCCCHHHHHHHHHHHHHHHHHHHHHHHCCCHHHHHHHHHHHHHHHHHHHHHHHHCCCCCHHHHHHHHHHHHHHHHHHHHHHHHHHHCCCCCCCCCHHHHHHHHHHHHHHHHHHHHHHHHHCHHHCC,222
27,MAASRRLMKELEEIRKCGMKNFRNIQVDEANLLTWQGLIVPDNPPYDKGAFRIEINFPAEYPFKPPKITFKTKIYHPNIDEKGQVCLPVISAENWKPATKTDQVIQSLIALVNDPQPEHPLRADLAEEYSKDRKKFCKNAEEFTKKYGEKRPVDQLNPYLRLKVRRDHIIDDALVRLEMIAMENPADLKKQLYVEFEGEQGVDEGGVSKEFFQLVVEEIFNPDIGMFTYDESTKLFWFNPSSFETEGQFTLIGIVLGLAIYNNCILDVHFPMVVYRKLMGKKGTFRDLGDSHPVLYQSLKDLLEYEGNVEDDMMITFQISQTDLFGNPMMYDLKENGDKIPITNENRKEFVNLYSDYILNKSVEKQFKAFRRGFHMVTNESPLKYLFRPEEIELLICGSRNLDFQALEETTEYDGGYTRDSVLIREFWEIVHSFTDEQKRLFLQFTTGTDRAPVGGLGKLKMIIAKNGPDTERLPTSHTCFNVLLLPEYSSKEKLKERLLKAITYAKGFGML,CCCCCCCEEECCCCHHHHHHHHHHHHHHCCHHHHHCHHCEEECCCCCCCCCHHHHHHHHHHHHHHCCHHHCCEEEECCCCEEEECCCCCCCHHHHHHHHHHHHHHHHCCCCCCCCCCHHHHHHHCCHHHCHHHHHHHCHHHHHHHHHHHHCCCCHHHHCCCECEEEECCCCCCCEEEECCCCCCCCECCCCCHHHHHHHHHHHHHCCCCHHHHHHHHHHHHHHHCCCCCCCCCCCHHHHHHHHCECCCCCCCCCCCCEEECCCCCCCHHHHHHHHHHHCCCHHHHHHHHHHHCCCCCECCCCHHHHCCEEEEEEECCCHHHEEEHHHCEEEEEECCCHHHHHHHHHHHHHHCCCCCCCCCCCCCCCCCCCCCCCCCCCCCCCCCCCCCCCCCCCCCCCCCCCCCCCCCCCCCCCCCCCCCCCCCCCCCCCCCCCCCCCCCCCCCCCCCCCCCCCCCCCCCCCCCCCCCCCCCCCCCCCCCCCCCCCCCCCCCCCCCCCCCCCCCCCCCCCCC,512
28,QADGAKIYAQCAGCHQQNGQGIPGAFPPLAGHVAEILAKEGGREYLILVLLYGLQGQIEVKGMKYNGVMSSFAQLKDEEIAAVLNHIATAWGDAKKVKGFKPFTAEEVKKLRAKKLTPQQVLAERKKLGLK,CCCHHHHCHHHHHHHCCCCCCECCCECCCCCHHHHHHCCCCHHHHHHHHHHHCEEEEEEECCEEEEEEECCCCCCCHHHHHHHHHHHHHCCCCHHHCCCCCCCCHHHHHHHCCCCCCHHHHHHHHHCCCCC,131
29,SDPAHTATAPGGLSAKAPAMTPLMLDTSSRKLVAWDGTTDGAAVGILAVAADQTSTTLTFYKSGTFRYEDVLWPEAASDETKKRTAFAGTAISIV,CCCCCEEEEEECCCCCECCCCEEEECCCCCCEEECCCCCCCCEEEEECCCECCCCCEEEEECEEEECCCCCCCCCCCCCHHHHHCCCECEEEEEC,95
30,VDAEAVVQQKCISCHGGDLTGASAPAIDKAGANYSEEEILDIILNGQGGMPGGIAKGAEAEAVAAWLAEKK,CCHHHHHHHHCHHHHCCCCCCCCCCCCCCHHHCCCHHHHHHHHHHCECCEHCCCCCHHHHHHHHHHHHCCC,71
